"region","field_id","label","anchor_field","fetch_status","raw_row_count","packet_ready_rows","excluded_rows","real_estate_rows","pilot_signal","query_profile","claim_boundary"
"washington","kitsap-mall","Kitsap Mall / Silverdale field","kitsap_regional_mall_field","fetched","3","3","0","3","observed_real_estate_texture","structured_office_estate_agent_pilot","Structured OSM office=estate_agent footprint only; mortgage/leasing-only exclusions preserved; not housing price, wealth, buyer/renter identity, demand, catchment, or behavior."
"chicago","ford-city-cicero","Midway / Ford City field","southwest_airport_edge_field","fetched","1","1","0","1","observed_real_estate_texture","structured_office_estate_agent_pilot","Structured OSM office=estate_agent footprint only; mortgage/leasing-only exclusions preserved; not housing price, wealth, buyer/renter identity, demand, catchment, or behavior."
"chicago","loop-river-north","Loop / River North field","urban_core_mixed_service_field","fetched","7","5","2","5","observed_real_estate_texture","structured_office_estate_agent_pilot","Structured OSM office=estate_agent footprint only; mortgage/leasing-only exclusions preserved; not housing price, wealth, buyer/renter identity, demand, catchment, or behavior."
"dallas","arlington-grand-prairie","Arlington / Grand Prairie field","midcities_power_event_field","fetched","1","1","0","1","observed_real_estate_texture","structured_office_estate_agent_pilot","Structured OSM office=estate_agent footprint only; mortgage/leasing-only exclusions preserved; not housing price, wealth, buyer/renter identity, demand, catchment, or behavior."
"los_angeles","downtown-koreatown-midwilshire","Downtown LA / Koreatown / Mid-Wilshire field","urban_core_mixed_service_field","fetched","7","7","0","7","observed_real_estate_texture","structured_office_estate_agent_pilot","Structured OSM office=estate_agent footprint only; mortgage/leasing-only exclusions preserved; not housing price, wealth, buyer/renter identity, demand, catchment, or behavior."
"los_angeles","long-beach-lakewood","Long Beach / Lakewood field","port_coastal_grid_mall_service_field","source_gated_error","0","0","0","0","source_gated","structured_office_estate_agent_pilot","Structured OSM office=estate_agent footprint only; mortgage/leasing-only exclusions preserved; not housing price, wealth, buyer/renter identity, demand, catchment, or behavior."
"los_angeles","ontario-rancho-cucamonga","Ontario Mills / Rancho Cucamonga field","inland_freeway_power_center_field","fetched","8","7","1","7","observed_real_estate_texture","structured_office_estate_agent_pilot","Structured OSM office=estate_agent footprint only; mortgage/leasing-only exclusions preserved; not housing price, wealth, buyer/renter identity, demand, catchment, or behavior."
"los_angeles","riverside-tyler-corona","Riverside / Tyler / Corona edge field","inland_secondary_core_growth_field","fetched","6","4","2","4","observed_real_estate_texture","structured_office_estate_agent_pilot","Structured OSM office=estate_agent footprint only; mortgage/leasing-only exclusions preserved; not housing price, wealth, buyer/renter identity, demand, catchment, or behavior."
"los_angeles","south-bay-torrance","South Bay / Torrance field","coastal_suburban_mall_auto_service_field","fetched","18","13","5","13","observed_real_estate_texture","structured_office_estate_agent_pilot","Structured OSM office=estate_agent footprint only; mortgage/leasing-only exclusions preserved; not housing price, wealth, buyer/renter identity, demand, catchment, or behavior."
"los_angeles","west-la-century-city-culver","West LA / Century City / Culver City field","affluent_office_retail_service_field","fetched","14","14","0","14","observed_real_estate_texture","structured_office_estate_agent_pilot","Structured OSM office=estate_agent footprint only; mortgage/leasing-only exclusions preserved; not housing price, wealth, buyer/renter identity, demand, catchment, or behavior."
"philadelphia","cherry-hill-moorestown","Cherry Hill / Moorestown field","south_jersey_mall_edge_field","fetched","6","6","0","6","observed_real_estate_texture","structured_office_estate_agent_pilot","Structured OSM office=estate_agent footprint only; mortgage/leasing-only exclusions preserved; not housing price, wealth, buyer/renter identity, demand, catchment, or behavior."
"philadelphia","northeast-roosevelt","Northeast Philadelphia / Roosevelt Boulevard field","inner_suburban_auto_corridor_field","fetched","0","0","0","0","checked_absent_structured_real_estate","structured_office_estate_agent_pilot","Structured OSM office=estate_agent footprint only; mortgage/leasing-only exclusions preserved; not housing price, wealth, buyer/renter identity, demand, catchment, or behavior."
