region,field_id,label,anchor_field,profile_basis,dimensions,observed_layers,source_gated_layers,checked_absent_layers,observed_rate,source_gated_rate,type_discovery_label,readiness_tier,source_quality_note,comparison_tier
washington,bellevue-core,Bellevue core mall field,"",full_11_dimension_context,11,8,0,3,0.727,0.0,downtown_civic_finance_wellness_grid,high_context_resolution,zero_source_gates,baseline_comparable
washington,factoria,Bellevue Factoria field,"",full_11_dimension_context,11,4,0,7,0.364,0.0,postal_car_trip_open_space_service_field,thin_context_resolution,zero_source_gates,baseline_comparable
washington,southcenter-tukwila,Southcenter / Tukwila mall field,"",full_11_dimension_context,11,8,0,3,0.727,0.0,mall_civic_car_trip_small_trade_field,high_context_resolution,zero_source_gates,baseline_comparable
washington,tacoma-mall,Tacoma Mall field,"",full_11_dimension_context,11,6,0,5,0.545,0.0,mall_car_trip_small_trade_household_field,moderate_context_resolution,zero_source_gates,baseline_comparable
washington,kitsap-mall,Kitsap Mall / Silverdale field,"",full_11_dimension_context,11,9,0,2,0.818,0.0,civic_finance_car_trip_mall_field,high_context_resolution,zero_source_gates,baseline_comparable
washington,south-hill-puyallup,South Hill / Puyallup field,"",full_11_dimension_context,11,8,0,3,0.727,0.0,car_trip_finance_household_edge_field,high_context_resolution,zero_source_gates,baseline_comparable
atlanta,cumberland-vinings,Cumberland / Vinings field,suburban_mall_edge,full_11_dimension_context,11,4,6,1,0.364,0.545,finance_household_wellness_service_field,partial_profile_field,usable_for_type_discovery_not_final_ranking,type_discovery_partial
atlanta,buckhead-lenox-phipps,Buckhead / Lenox / Phipps field,urban_luxury_mall_cluster,full_11_dimension_context,11,6,5,0,0.545,0.455,civic_open_space_small_trade_mall_field,partial_profile_field,usable_for_type_discovery_not_final_ranking,type_discovery_partial
atlanta,perimeter-wide,Perimeter widened field,edge_city_mall_field,full_11_dimension_context,11,4,6,1,0.364,0.545,transit_health_edge_city_field,partial_profile_field,usable_for_type_discovery_not_final_ranking,type_discovery_partial
atlanta,camp-creek,Camp Creek field,airport_edge_power_center,full_11_dimension_context,11,3,3,5,0.273,0.273,finance_car_trip_wellness_airport_edge_field,usable_comparison_field,usable_for_cross_metro_comparison,type_discovery_partial
atlanta,northlake,Northlake field,legacy_suburban_mall_node,full_11_dimension_context,11,3,7,1,0.273,0.636,partial_context_source_gate,partial_profile_field,usable_for_type_discovery_not_final_ranking,type_discovery_partial
atlanta,north-point-wide,North Point / Alpharetta widened field,edge_city_mall_field,full_11_dimension_context,11,4,6,1,0.364,0.545,open_space_health_wellness_edge_city_field,partial_profile_field,usable_for_type_discovery_not_final_ranking,type_discovery_partial
atlanta,decatur-emory,Decatur / Emory field,inner_service_village,full_11_dimension_context,11,4,7,0,0.364,0.636,finance_car_trip_health_service_village,partial_profile_field,usable_for_type_discovery_not_final_ranking,type_discovery_partial
chicago,loop-river-north,Loop / River North field,urban_core_mixed_service_field,pre_scale_6_layer_stack,6,4,1,1,0.667,0.167,urban_core_everyday_grid,usable_for_type_discovery,usable_for_type_discovery,type_discovery_comparable
chicago,lincoln-park-lakeview,Lincoln Park / Lakeview field,inner_neighborhood_service_field,pre_scale_6_layer_stack,6,3,2,1,0.5,0.333,inner_neighborhood_everyday_grid,usable_for_type_discovery_retry_osm_before_ranking,usable_for_type_discovery_retry_osm_before_ranking,type_discovery_comparable
chicago,old-orchard-skokie,Old Orchard / Skokie field,north_suburban_mall_field,pre_scale_6_layer_stack,6,4,0,2,0.667,0.0,confirmed_single_grocery_mall_field,usable_for_type_discovery,no_source_gates,type_discovery_comparable
chicago,oakbrook-wide,Oakbrook widened field,west_suburban_edge_city_field,pre_scale_6_layer_stack,6,4,1,1,0.667,0.167,confirmed_postal_big_box_edge_field,usable_for_type_discovery,usable_for_type_discovery,type_discovery_comparable
chicago,woodfield-schaumburg,Woodfield / Schaumburg field,northwest_edge_city_mall_field,pre_scale_6_layer_stack,6,3,2,1,0.5,0.333,confirmed_edge_city_mall_grocery_field,usable_for_type_discovery_retry_osm_before_ranking,usable_for_type_discovery_retry_osm_before_ranking,type_discovery_comparable
chicago,ford-city-cicero,Midway / Ford City field,southwest_airport_edge_field,pre_scale_6_layer_stack,6,3,2,1,0.5,0.333,confirmed_mall_big_box_grocery_field,usable_for_type_discovery_retry_osm_before_ranking,usable_for_type_discovery_retry_osm_before_ranking,type_discovery_comparable
chicago,orland-square,Orland Square field,south_suburban_mall_field,pre_scale_6_layer_stack,6,3,1,2,0.5,0.167,confirmed_grocery_supported_mall_field,usable_for_type_discovery,usable_for_type_discovery,type_discovery_comparable
dallas,downtown-uptown-dallas,Downtown / Uptown Dallas field,urban_core_mixed_service_field,pre_scale_5_layer_stack,5,5,0,0,1.0,0.0,urban_postal_grocery_health_big_box_village_field,type_discovery_comparable,no_source_gates,type_discovery_comparable
dallas,northpark-preston-hollow,NorthPark / Preston Hollow field,north_dallas_regional_mall_field,pre_scale_5_layer_stack,5,5,0,0,1.0,0.0,affluent_complex_grocery_health_costco_field,type_discovery_comparable,no_source_gates,type_discovery_comparable
dallas,galleria-addison,Galleria / Addison field,north_dallas_edge_city_field,pre_scale_5_layer_stack,5,4,0,1,0.8,0.0,edge_city_grocery_big_box_complex_field,type_discovery_comparable,no_source_gates,type_discovery_comparable
dallas,legacy-frisco-plano,Legacy / Frisco / Plano field,north_growth_edge_city_field,pre_scale_5_layer_stack,5,4,0,1,0.8,0.0,growth_edge_mall_grocery_health_big_box_field,type_discovery_comparable,no_source_gates,type_discovery_comparable
dallas,las-colinas-irving,Las Colinas / Irving field,airport_office_edge_field,pre_scale_5_layer_stack,5,4,0,1,0.8,0.0,office_edge_grocery_health_complex_field,type_discovery_comparable,no_source_gates,type_discovery_comparable
dallas,arlington-grand-prairie,Arlington / Grand Prairie field,midcities_power_event_field,pre_scale_5_layer_stack,5,4,1,0,0.8,0.2,midcities_grocery_health_big_box_complex_field,type_discovery_comparable_retry_gated_layer,usable_for_type_discovery_retry_osm_before_ranking,type_discovery_comparable
dallas,southlake-town-square,Southlake Town Square field,affluent_suburban_town_center_field,pre_scale_5_layer_stack,5,4,0,1,0.8,0.0,town_center_grocery_health_complex_field,type_discovery_comparable,no_source_gates,type_discovery_comparable
dallas,fort-worth-west-7th,Fort Worth Cultural / West 7th field,secondary_core_service_field,pre_scale_5_layer_stack,5,4,1,0,0.8,0.2,secondary_core_grocery_health_big_box_plaza_field,type_discovery_comparable_retry_gated_layer,usable_for_type_discovery_retry_osm_before_ranking,type_discovery_comparable
