"manifest_item","status","input_artifact","planned_output","expected_rows_or_gate","command_or_method","validation_gate","claim_boundary"
"raw_seed_extract","available_selected_wave_input","tables/alaska-arctic-remote-post-office-seed-2026-08-16.csv","tables/alaska-scoped-frame-seed-exclusion-ledger-2026-08-16.csv","Existing selected-wave seed artifact has 108 public post-office seed rows after semantics review.","Reuse public seed rows as the launch input; inspect raw/excluded rows before final scoped-frame target construction.","Seed row counts reconcile to public seed rows and any excluded rows are ledgered.","Seed readiness only; not a denominator or frequency claim."
"eligible_public_post_office_frame","planned","tables/alaska-arctic-remote-public-post-office-seed-2026-08-16.csv","tables/alaska-scoped-frame-targets-2026-08-16.csv","108 scoped target rows expected if every public seed is retained.","Build target boxes for all public post-office seed rows with no sample limit.","Target rows equal eligible public seed rows unless exclusions are explicitly ledgered.","Scoped Alaska target-box frame only."
"settlement_join","planned","tables/alaska-scoped-frame-targets-2026-08-16.csv","tables/alaska-scoped-frame-enriched-targets-2026-08-16.csv","Every scoped target row needs settlement proxy join or explicit repair status.","Run settlement proxy join with target_id reconciliation and repair unknowns before sidecars.","Enriched rows equal target rows and unknown settlement buckets are either zero or explicitly repaired.","Settlement proxy only; not service adequacy."
"sidecar_reviews","planned","tables/alaska-scoped-frame-enriched-targets-2026-08-16.csv","alaska-scoped-frame food/gas/dollar/hardware/laundromat review and status files; alaska-scoped-frame-minimum-stack-classification-2026-08-16.csv","Every scoped target has food service, gas/convenience, dollar store, hardware, and laundromat status.","Run the local Geofabrik sidecar pipeline over the full scoped Alaska target set.","Every scoped target has a minimum-stack classification.","Target-box sidecar evidence only."
"current_anchor_gate","planned","alaska-scoped-frame first-pass postal-only candidates","tables/alaska-scoped-frame-current-postal-anchor-review-2026-08-16.csv","Only first-pass postal-only candidates require current-anchor review.","Resolve current USPS/equivalent postal anchor, geocode observed address, and test target-box membership.","No numerator candidate advances without current_anchor_confirmed_inside_box or explicit exclusion treatment.","Current-anchor eligibility gate only."
"depth_review","planned","current-anchor-confirmed scoped postal-only candidates","tables/alaska-scoped-frame-depth-review-open-sources-2026-08-16.csv; tables/alaska-scoped-frame-depth-review-decision-2026-08-16.csv","Every current-anchor-confirmed candidate has alternate-source everyday-service depth review.","Apply hardened truth-dossier source standard and geocode inside/outside service evidence.","Every numerator-eligible candidate has source-review rows and decision status before estimator use.","Target-box candidate classification only."
"denominator_and_exclusions","planned","scoped Alaska targets classifications anchor/depth decisions","tables/alaska-scoped-frame-denominator-eligibility-rows-2026-08-16.csv; tables/alaska-scoped-frame-denominator-exclusion-ledger-2026-08-16.csv; tables/alaska-scoped-frame-denominator-summary-2026-08-16.csv","All scoped frame rows receive clean denominator or exclusion status.","Build denominator from sidecar classes, current-anchor gates, depth decisions, and exclusions.","Eligibility rows plus exclusion ledger reconcile to scoped target count.","Scoped Alaska denominator only."
"estimator_dry_run","planned","scoped Alaska denominator and decisions","tables/alaska-scoped-frame-estimator-dry-run-2026-08-16.csv","Exact scoped-frame target-box share only after all gates pass.","Compute numerator over clean eligible scoped-frame denominator; report exclusions and class counts adjacent to share.","Estimator inputs reconcile to denominator summary, exclusion ledger, and candidate decisions.","Scoped Alaska target-box dry run only; not Arctic regional or national frequency."
"reporting_gate","planned","all scoped Alaska outputs","sections/alaska-scoped-frame-claim-packet.md","No public scoped wording until full-frame artifacts validate and method review passes.","Use only scoped target-box dry-run wording if every gate passes.","Boundary scan blocks Arctic regional national catchment complete-service-absence and service-adequacy claims.","Implementation contract only until execution validates."
